{
  "alerts": [
    {
      "signal_id": "T01",
      "level": "P1",
      "message": "OVX 108.2 > 60 — 油价波动率极端",
      "action": "考虑用期权替代期货(买call spread代替裸多)"
    },
    {
      "signal_id": "T05",
      "level": "P1",
      "message": "SKEW 154 > 150 — 尾部风险定价极端",
      "action": "叠加VIX倒挂 = 强烈尾部对冲信号"
    }
  ],
  "last_check": "2026-03-10T21:30:39.370838+00:00",
  "baselines": {
    "brent_latest": 87.63999938964844,
    "brent_weekly_chg": 2.6109303734035083,
    "vix": 24.93000030517578,
    "vix3m": 25.510000228881836,
    "TRY_rate": 44.07210159301758,
    "TRY_daily_chg": -0.024930517324243315,
    "INR_rate": 91.94000244140625,
    "INR_daily_chg": 0.0041326902269842765,
    "ccj_vol_ratio": 1.2577934358405665,
    "gold": 5198.7001953125,
    "tnx": 4.136000156402588,
    "sp500": 6781.47998046875,
    "sp500_drawdown": -2.8246369533870044,
    "ovx": 108.19000244140625,
    "ovx_daily_chg": 7.660003662109375,
    "brent_front": 87.63999938964844,
    "wti_front": 86.38999938964844,
    "brent_wti_spread": 1.25,
    "skew": 154.4600067138672,
    "hyg_lqd_ratio": 0.7272397118936482,
    "hyg_lqd_5d_chg": 0.3414690804655631,
    "dxy": 98.93699645996094,
    "dxy_weekly_chg": 1.359487594828113
  },
  "alert_count": 2,
  "p0_count": 0
}