{
  "alerts": [
    {
      "signal_id": "T01",
      "level": "P1",
      "message": "OVX 120.9 > 60 — 油价波动率极端",
      "action": "考虑用期权替代期货(买call spread代替裸多)"
    },
    {
      "signal_id": "T05",
      "level": "P1",
      "message": "SKEW 152 > 150 — 尾部风险定价极端",
      "action": "叠加VIX倒挂 = 强烈尾部对冲信号"
    }
  ],
  "last_check": "2026-03-11T21:29:43.276940+00:00",
  "baselines": {
    "brent_latest": 90.26000213623047,
    "brent_weekly_chg": -2.6216422927725134,
    "vix": 24.229999542236328,
    "vix3m": 24.969999313354492,
    "TRY_rate": 44.09000015258789,
    "TRY_daily_chg": 0.023140986503543192,
    "INR_rate": 92.18699645996094,
    "INR_daily_chg": 1.059291697891018,
    "ccj_vol_ratio": 0.8990284076981774,
    "gold": 5183.89990234375,
    "tnx": 4.208000183105469,
    "sp500": 6775.7998046875,
    "sp500_drawdown": -2.8980956902611115,
    "ovx": 120.91000366210938,
    "ovx_daily_chg": 12.720001220703125,
    "brent_front": 90.26000213623047,
    "wti_front": 88.41000366210938,
    "brent_wti_spread": 1.8499984741210938,
    "skew": 152.44000244140625,
    "hyg_lqd_ratio": 0.7315866428288866,
    "hyg_lqd_5d_chg": 1.0919754761093934,
    "dxy": 99.25399780273438,
    "dxy_weekly_chg": 0.888392532747343
  },
  "alert_count": 2,
  "p0_count": 0
}